{
    "avg_prec": 0.9188344371313844,
    "roc_auc": 0.9398940520585564
}